{
  "basics": {
    "name": "Albert Einstein",
    "label": "Cientista",
    "image": "",
    "email": "albert@einstein.de",
    "phone": "(912) 123-4567",
    "url": "https://george-gca.github.io/multi-language-al-folio/pt-br/",
    "summary": "Um físico teórico alemão, amplamente considerado um dos cientistas mais influentes de todos os tempos",
    "location": {
      "address": "2712 Broadway St",
      "postalCode": "CA 94115",
      "city": "San Francisco",
      "countryCode": "US",
      "region": "California"
    },
    "profiles": [
      {
        "network": "Twitter",
        "username": "AlbertEinstein",
        "url": "https://twitter.com/AlbertEinstein"
      }
    ]
  },
  "work": [
    {
      "name": "Instituto de Estudos Avançados, Universidade de Princeton",
      "position": "Professor de Física Teórica",
      "url": "https://example.com",
      "startDate": "1933-01-01",
      "endDate": "1955-01-01",
      "summary": "Ensino no Palmer Physical Laboratory (agora 302 Frist Campus Center). Embora não seja professor em Princeton, associei-me aos professores de física e continuei a dar palestras no campus.",
      "highlights": [
        "Relatividade"
      ]
    }
  ],
  "volunteer": [],
  "education": [
    {
      "institution": "Universidade de Zurique, Zurique, Suíça",
      "url": "https://www.uzh.ch/",
      "area": "Desenvolvimento de software",
      "studyType": "PhD",
      "startDate": "1905-01-01",
      "endDate": "1905-01-01",
      "score": "",
      "courses": [
        "Teoria da relatividade"
      ]
    }
  ],
  "awards": [
    {
      "title": "Prêmio Nobel de Física",
      "date": "1921-11-01",
      "awarder": "Academia Real Sueca de Ciências",
      "summary": "Os Prêmios Nobel são cinco prêmios separados que, de acordo com o testamento de Alfred Nobel de 1895, são concedidos a 'aqueles que, durante o ano anterior, conferiram o maior benefício à humanidade'."
    }
  ],
  "certificates": [],
  "publications": [],
  "skills": [],
  "languages": [
    {
      "language": "Alemão",
      "fluency": "Nativo"
    },
    {
      "language": "Inglês",
      "fluency": "Fluente"
    }
  ],
  "interests": [],
  "references": [],
  "projects": []
}
